"Number","Gender","Title","Name","Name_1","Address","ZipCode","EmailAddress","Username","Password","Birthday","CCType","CCNumber","CVV2","CCExpires","BloodType","Kilograms","Centimeters"
"","Ms.","Isabella","","","","","","","","","","","","","","",""
"2644","male","Mr.","Armen","","","","","","","","","","","","","",""
"2645","male","Mr.","Fai","","","","","","","","","","","","","",""
"2646","male","Mr.","Oscar","","","","","","","","","","","","","",""
"2647","male","Mr.","Chung","","","","","","","","","","","","","",""
"2648","male","Mr.","Alexander","","","","","","","","","","","","","",""
"2649","male","Mr.","Avdei","","","","","","","","","","","","","",""
"2650","male","Mr.","Zinovy","","","","","","","","","","","","","",""
"2651","male","Mr.","Aaron","","","","","","","","","","","","","",""
"2652","male","Mr.","Harry","","","","","","","","","","","","","",""
"2653","female","Ms.","Zarina","","","","","","","","","","","","","",""
"2654","female","Ms.","Camilla","","","","","","","","","","","","","",""
"2655","male","Mr.","Nick","","","","","","","","","","","","","",""
